CustomerID,Genre,Age,Annual Income (k$),Spending Score (1-100),Cluster
1,Male,19,15,39,4
2,Male,21,15,81,2
3,Female,20,16,6,4
4,Female,23,16,77,2
5,Female,31,17,40,4
6,Female,22,17,76,2
7,Female,35,18,6,4
8,Female,23,18,94,2
9,Male,64,19,3,4
10,Female,30,19,72,2
11,Male,67,19,14,4
12,Female,35,19,99,2
13,Female,58,20,15,4
14,Female,24,20,77,2
15,Male,37,20,13,4
16,Male,22,20,79,2
17,Female,35,21,35,4
18,Male,20,21,66,2
19,Male,52,23,29,4
20,Female,35,23,98,2
21,Male,35,24,35,4
22,Male,25,24,73,2
23,Female,46,25,5,4
24,Male,31,25,73,2
25,Female,54,28,14,4
26,Male,29,28,82,2
27,Female,45,28,32,4
28,Male,35,28,61,2
29,Female,40,29,31,4
30,Female,23,29,87,2
31,Male,60,30,4,4
32,Female,21,30,73,2
33,Male,53,33,4,4
34,Male,18,33,92,2
35,Female,49,33,14,4
36,Female,21,33,81,2
37,Female,42,34,17,4
38,Female,30,34,73,2
39,Male,36,37,26,4
40,Female,20,37,75,2
41,Male,65,38,35,4
42,Male,24,38,92,2
43,Female,48,39,36,4
44,Female,31,39,61,0
45,Male,49,39,28,4
46,Female,24,39,65,2
47,Female,50,40,55,0
48,Female,27,40,47,0
49,Female,29,40,42,0
50,Male,31,40,42,0
51,Male,49,42,52,0
52,Female,33,42,60,0
53,Female,31,43,54,0
54,Male,59,43,60,0
55,Female,50,43,45,0
56,Male,47,43,41,0
57,Female,51,44,50,0
58,Male,69,44,46,0
59,Female,27,46,51,0
60,Male,53,46,46,0
61,Male,70,46,56,0
62,Female,19,46,55,0
63,Female,67,47,52,0
64,Female,54,47,59,0
65,Male,63,48,51,0
66,Male,18,48,59,0
67,Female,43,48,50,0
68,Female,68,48,48,0
69,Male,19,48,59,0
70,Female,32,48,47,0
71,Male,70,49,55,0
72,Female,47,49,42,0
73,Female,60,50,49,0
74,Female,60,50,56,0
75,Male,59,54,47,0
76,Male,26,54,54,0
77,Female,45,54,53,0
78,Male,40,54,48,0
79,Female,23,54,52,0
80,Female,49,54,42,0
81,Male,57,54,51,0
82,Male,38,54,55,0
83,Female,67,54,41,0
84,Female,46,54,44,0
85,Male,21,54,57,0
86,Female,48,59,55,0
87,Female,55,59,47,0
88,Female,22,59,55,0
89,Male,34,60,46,0
90,Female,50,60,45,0
91,Male,68,60,57,0
92,Female,18,60,46,0
93,Male,48,61,55,0
94,Female,40,61,49,0
95,Female,32,62,50,0
96,Male,24,62,56,0
97,Female,47,62,47,0
98,Female,45,62,59,0
99,Male,60,62,55,0
100,Female,20,62,66,0
101,Male,35,63,42,0
102,Male,52,63,54,0
103,Female,35,63,45,0
104,Female,36,63,48,0
105,Male,32,64,48,0
106,Male,40,65,59,0
107,Female,28,65,43,0
108,Female,36,65,59,0
109,Female,36,65,56,0
110,Male,52,65,55,0
111,Female,28,65,62,0
112,Male,29,66,55,0
113,Male,57,66,38,0
114,Female,30,67,46,0
115,Female,44,67,59,0
116,Male,38,67,55,0
117,Female,55,67,48,0
118,Male,50,68,59,0
119,Male,19,68,77,3
120,Female,40,68,57,0
121,Male,42,68,40,0
122,Female,19,69,91,3
123,Female,57,69,56,0
124,Male,55,69,55,0
125,Female,37,69,52,0
126,Male,30,70,61,0
127,Female,58,71,49,0
128,Female,57,71,51,0
129,Male,38,71,59,0
130,Male,20,71,61,0
131,Female,46,71,49,0
132,Female,60,72,54,0
133,Male,60,72,60,0
134,Female,45,72,49,0
135,Male,57,73,53,0
136,Male,35,73,66,3
137,Female,30,73,57,0
138,Female,39,74,52,0
139,Female,47,75,10,1
140,Female,23,75,92,3
141,Male,22,75,18,1
142,Female,27,75,91,3
143,Female,50,75,20,1
144,Female,23,75,73,3
145,Male,35,75,17,1
146,Male,28,75,83,3
147,Male,63,76,19,1
148,Female,20,76,75,3
149,Male,64,76,27,1
150,Female,22,76,71,3
151,Male,56,77,16,1
152,Female,21,77,73,3
153,Female,47,77,6,1
154,Female,21,77,89,3
155,Male,23,78,7,1
156,Female,45,78,79,3
157,Female,26,78,11,1
158,Female,21,78,73,3
159,Male,54,78,9,1
160,Male,29,78,85,3
161,Female,31,78,6,1
162,Female,24,78,82,3
163,Female,25,79,6,1
164,Female,23,79,82,3
165,Male,65,81,9,1
166,Female,28,81,93,3
167,Female,38,85,14,1
168,Female,25,85,91,3
169,Female,35,86,17,1
170,Male,30,86,11,1
171,Female,28,87,97,3
172,Male,35,87,26,1
173,Male,57,87,20,1
174,Female,31,87,77,3
175,Male,65,88,18,1
176,Female,24,88,93,3
177,Female,52,88,16,1
178,Female,31,88,85,3
179,Male,23,88,97,3
180,Male,34,88,11,1
181,Female,57,88,72,3
182,Female,32,88,14,1
183,Male,54,93,14,1
184,Female,18,93,87,3
185,Male,59,94,16,1
186,Female,21,94,90,3
187,Female,43,94,14,1
188,Female,44,94,83,3
189,Female,43,99,12,1
190,Female,19,99,79,3
191,Male,42,101,11,1
192,Male,31,101,77,3
193,Male,37,101,18,1
194,Female,33,101,66,3
195,Female,44,101,11,1
196,Female,28,101,90,3
197,Female,30,101,18,1
198,Male,32,101,83,3
199,Male,37,101,14,1
200,Female,30,101,74,3
