CustomerID,Genre,Age,Annual Income (k$),Spending Score (1-100)
1,Male,19,15,39
2,Male,21,15,81
3,Female,20,16,6
4,Female,23,16,77
5,Female,31,17,40
6,Female,22,17,76
7,Female,35,18,6
8,Female,23,18,94
9,Male,64,19,3
10,Female,30,19,72
11,Male,67,19,14
12,Female,35,19,99
13,Female,58,20,15
14,Female,24,20,77
15,Male,37,20,13
16,Male,22,20,79
17,Female,35,21,35
18,Male,20,21,66
19,Male,52,23,29
20,Female,35,23,98
21,Male,35,24,35
22,Male,25,24,73
23,Female,46,25,5
24,Male,31,25,73
25,Female,54,28,14
26,Male,29,28,82
27,Female,45,28,32
28,Male,35,28,61
29,Female,40,29,31
30,Female,23,29,87
31,Male,60,30,4
32,Female,21,30,73
33,Male,53,33,4
34,Male,18,33,92
35,Female,49,33,14
36,Female,21,33,81
37,Female,42,34,17
38,Female,30,34,73
39,Male,36,37,26
40,Female,20,37,75
41,Male,65,38,35
42,Male,24,38,92
43,Female,48,39,36
44,Female,31,39,61
45,Male,49,39,28
46,Female,24,39,65
47,Female,50,40,55
48,Female,27,40,47
49,Female,29,40,42
50,Male,31,40,42
51,Male,49,42,52
52,Female,33,42,60
53,Female,31,43,54
54,Male,59,43,60
55,Female,50,43,45
56,Male,47,43,41
57,Female,51,44,50
58,Male,69,44,46
59,Female,27,46,51
60,Male,53,46,46
61,Male,70,46,56
62,Female,19,46,55
63,Female,67,47,52
64,Female,54,47,59
65,Male,63,48,51
66,Male,18,48,59
67,Female,43,48,50
68,Female,68,48,48
69,Male,19,48,59
70,Female,32,48,47
71,Male,70,49,55
72,Female,47,49,42
73,Female,60,50,49
74,Female,60,50,56
75,Male,59,54,47
76,Male,26,54,54
77,Female,45,54,53
78,Male,40,54,48
79,Female,23,54,52
80,Female,49,54,42
81,Male,57,54,51
82,Male,38,54,55
83,Female,67,54,41
84,Female,46,54,44
85,Male,21,54,57
86,Female,48,59,55
87,Female,55,59,47
88,Female,22,59,55
89,Male,34,60,46
90,Female,50,60,45
91,Male,68,60,57
92,Female,18,60,46
93,Male,48,61,55
94,Female,40,61,49
95,Female,32,62,50
96,Male,24,62,56
97,Female,47,62,47
98,Female,45,62,59
99,Male,60,62,55
100,Female,20,62,66
101,Male,35,63,42
102,Male,52,63,54
103,Female,35,63,45
104,Female,36,63,48
105,Male,32,64,48
106,Male,40,65,59
107,Female,28,65,43
108,Female,36,65,59
109,Female,36,65,56
110,Male,52,65,55
111,Female,28,65,62
112,Male,29,66,55
113,Male,57,66,38
114,Female,30,67,46
115,Female,44,67,59
116,Male,38,67,55
117,Female,55,67,48
118,Male,50,68,59
119,Male,19,68,77
120,Female,40,68,57
121,Male,42,68,40
122,Female,19,69,91
123,Female,57,69,56
124,Male,55,69,55
125,Female,37,69,52
126,Male,30,70,61
127,Female,58,71,49
128,Female,57,71,51
129,Male,38,71,59
130,Male,20,71,61
131,Female,46,71,49
132,Female,60,72,54
133,Male,60,72,60
134,Female,45,72,49
135,Male,57,73,53
136,Male,35,73,66
137,Female,30,73,57
138,Female,39,74,52
139,Female,47,75,10
140,Female,23,75,92
141,Male,22,75,18
142,Female,27,75,91
143,Female,50,75,20
144,Female,23,75,73
145,Male,35,75,17
146,Male,28,75,83
147,Male,63,76,19
148,Female,20,76,75
149,Male,64,76,27
150,Female,22,76,71
151,Male,56,77,16
152,Female,21,77,73
153,Female,47,77,6
154,Female,21,77,89
155,Male,23,78,7
156,Female,45,78,79
157,Female,26,78,11
158,Female,21,78,73
159,Male,54,78,9
160,Male,29,78,85
161,Female,31,78,6
162,Female,24,78,82
163,Female,25,79,6
164,Female,23,79,82
165,Male,65,81,9
166,Female,28,81,93
167,Female,38,85,14
168,Female,25,85,91
169,Female,35,86,17
170,Male,30,86,11
171,Female,28,87,97
172,Male,35,87,26
173,Male,57,87,20
174,Female,31,87,77
175,Male,65,88,18
176,Female,24,88,93
177,Female,52,88,16
178,Female,31,88,85
179,Male,23,88,97
180,Male,34,88,11
181,Female,57,88,72
182,Female,32,88,14
183,Male,54,93,14
184,Female,18,93,87
185,Male,59,94,16
186,Female,21,94,90
187,Female,43,94,14
188,Female,44,94,83
189,Female,43,99,12
190,Female,19,99,79
191,Male,42,101,11
192,Male,31,101,77
193,Male,37,101,18
194,Female,33,101,66
195,Female,44,101,11
196,Female,28,101,90
197,Female,30,101,18
198,Male,32,101,83
199,Male,37,101,14
200,Female,30,101,74
